{"accuracy": 0.6, "mcc": 0.2001601922563589, "precision": 0.5961538461538461, "recall": 0.62, "fpr": 0.42, "tpr": 0.62, "f1_score": 0.607843137254902, "auc": 0.6412}