{"accuracy": 0.61, "mcc": 0.22110831935702666, "precision": 0.6222222222222222, "recall": 0.56, "fpr": 0.34, "tpr": 0.56, "f1_score": 0.5894736842105264, "auc": 0.5831999999999999}