{"accuracy": 0.66, "mcc": 0.33776026473659926, "precision": 0.6212121212121212, "recall": 0.82, "fpr": 0.5, "tpr": 0.82, "f1_score": 0.706896551724138, "auc": 0.7612000000000001}