{"accuracy": 0.71, "mcc": 0.4990108793478454, "precision": 0.9565217391304348, "recall": 0.44, "fpr": 0.02, "tpr": 0.44, "f1_score": 0.6027397260273973, "auc": 0.8996000000000001}