{"accuracy": 0.52, "mcc": 0.0401286176952564, "precision": 0.5185185185185185, "recall": 0.56, "fpr": 0.52, "tpr": 0.56, "f1_score": 0.5384615384615384, "auc": 0.5652}