{"accuracy": 0.61, "mcc": 0.29283917743575116, "precision": 0.8235294117647058, "recall": 0.28, "fpr": 0.06, "tpr": 0.28, "f1_score": 0.417910447761194, "auc": 0.7847999999999999}