{"accuracy": 0.58, "mcc": 0.20823168251814142, "precision": 0.7222222222222222, "recall": 0.26, "fpr": 0.1, "tpr": 0.26, "f1_score": 0.3823529411764706, "auc": 0.6656}