{"accuracy": 0.79, "mcc": 0.594566966875929, "precision": 0.8717948717948718, "recall": 0.68, "fpr": 0.1, "tpr": 0.68, "f1_score": 0.7640449438202247, "auc": 0.84}