{"accuracy": 0.65, "mcc": 0.3993261510487516, "precision": 0.9411764705882353, "recall": 0.32, "fpr": 0.02, "tpr": 0.32, "f1_score": 0.4776119402985075, "auc": 0.8260000000000001}