{"accuracy": 0.53, "mcc": 0.08401680504168059, "precision": 0.6, "recall": 0.18, "fpr": 0.12, "tpr": 0.18, "f1_score": 0.2769230769230769, "auc": 0.522}