{"accuracy": 0.74, "mcc": 0.5, "precision": 0.8333333333333334, "recall": 0.6, "fpr": 0.12, "tpr": 0.6, "f1_score": 0.6976744186046512, "auc": 0.7988}