{"accuracy": 0.55, "mcc": 0.14002800840280097, "precision": 0.6666666666666666, "recall": 0.2, "fpr": 0.1, "tpr": 0.2, "f1_score": 0.30769230769230765, "auc": 0.5895999999999999}