{"accuracy": 0.6, "mcc": 0.30772872744833185, "precision": 0.9166666666666666, "recall": 0.22, "fpr": 0.02, "tpr": 0.22, "f1_score": 0.3548387096774193, "auc": 0.752}