{"accuracy": 0.57, "mcc": 0.2237209702352076, "precision": 0.8181818181818182, "recall": 0.18, "fpr": 0.04, "tpr": 0.18, "f1_score": 0.29508196721311475, "auc": 0.7112}