{"accuracy": 0.61, "mcc": 0.2203970724177368, "precision": 0.6037735849056604, "recall": 0.64, "fpr": 0.42, "tpr": 0.64, "f1_score": 0.6213592233009708, "auc": 0.6827999999999999}