{"accuracy": 0.66, "mcc": 0.3429971702850177, "precision": 0.75, "recall": 0.48, "fpr": 0.16, "tpr": 0.48, "f1_score": 0.5853658536585366, "auc": 0.756}