{"accuracy": 0.57, "mcc": 0.2743516305843672, "precision": 1.0, "recall": 0.14, "fpr": 0.0, "tpr": 0.14, "f1_score": 0.24561403508771928, "auc": 0.8355999999999999}