{"accuracy": 0.54, "mcc": 0.13333333333333333, "precision": 0.7, "recall": 0.14, "fpr": 0.06, "tpr": 0.14, "f1_score": 0.23333333333333336, "auc": 0.6532000000000001}