{"accuracy": 0.65, "mcc": 0.3029839362175413, "precision": 0.631578947368421, "recall": 0.72, "fpr": 0.42, "tpr": 0.72, "f1_score": 0.6728971962616822, "auc": 0.6796}