{"accuracy": 0.7, "mcc": 0.46829290579084704, "precision": 0.631578947368421, "recall": 0.96, "fpr": 0.56, "tpr": 0.96, "f1_score": 0.7619047619047619, "auc": 0.882}