{"accuracy": 0.54, "mcc": 0.08058229640253803, "precision": 0.5454545454545454, "recall": 0.48, "fpr": 0.4, "tpr": 0.48, "f1_score": 0.5106382978723404, "auc": 0.46299999999999997}