{"accuracy": 0.6, "mcc": 0.20602141085758227, "precision": 0.631578947368421, "recall": 0.48, "fpr": 0.28, "tpr": 0.48, "f1_score": 0.5454545454545454, "auc": 0.6348}