{"accuracy": 0.51, "mcc": 0.05862103817605492, "precision": 0.6666666666666666, "recall": 0.04, "fpr": 0.02, "tpr": 0.04, "f1_score": 0.07547169811320754, "auc": 0.49840000000000007}