{"accuracy": 0.87, "mcc": 0.7401480444148052, "precision": 0.8775510204081632, "recall": 0.86, "fpr": 0.12, "tpr": 0.86, "f1_score": 0.8686868686868686, "auc": 0.9036}