{"accuracy": 0.59, "mcc": 0.28764124744526687, "precision": 0.9090909090909091, "recall": 0.2, "fpr": 0.02, "tpr": 0.2, "f1_score": 0.32786885245901637, "auc": 0.7632000000000001}