{"accuracy": 0.51, "mcc": 0.023762422826087877, "precision": 0.5064935064935064, "recall": 0.78, "fpr": 0.76, "tpr": 0.78, "f1_score": 0.6141732283464567, "auc": 0.5676}