{"accuracy": 0.76, "mcc": 0.5488604301969737, "precision": 0.696969696969697, "recall": 0.92, "fpr": 0.4, "tpr": 0.92, "f1_score": 0.793103448275862, "auc": 0.7831999999999999}