{"accuracy": 0.48, "mcc": -0.0545544725589981, "precision": 0.4375, "recall": 0.14, "fpr": 0.18, "tpr": 0.14, "f1_score": 0.21212121212121213, "auc": 0.54}