{"accuracy": 0.51, "mcc": 0.021621937503220532, "precision": 0.5161290322580645, "recall": 0.32, "fpr": 0.3, "tpr": 0.32, "f1_score": 0.3950617283950617, "auc": 0.5052}