{"accuracy": 0.61, "mcc": 0.30806161848616215, "precision": 0.8666666666666667, "recall": 0.26, "fpr": 0.04, "tpr": 0.26, "f1_score": 0.4, "auc": 0.6408}