{"accuracy": 0.55, "mcc": 0.19596545041740512, "precision": 0.8571428571428571, "recall": 0.12, "fpr": 0.02, "tpr": 0.12, "f1_score": 0.21052631578947367, "auc": 0.6128}