{"accuracy": 0.73, "mcc": 0.4645753688668967, "precision": 0.7017543859649122, "recall": 0.8, "fpr": 0.34, "tpr": 0.8, "f1_score": 0.7476635514018691, "auc": 0.7412}