{"accuracy": 0.62, "mcc": 0.2735764515525319, "precision": 0.7307692307692307, "recall": 0.38, "fpr": 0.14, "tpr": 0.38, "f1_score": 0.5, "auc": 0.5399999999999999}