{"accuracy": 0.71, "mcc": 0.4540606875676311, "precision": 0.8387096774193549, "recall": 0.52, "fpr": 0.1, "tpr": 0.52, "f1_score": 0.6419753086419753, "auc": 0.8163999999999999}