{"accuracy": 0.76, "mcc": 0.5356556682297139, "precision": 0.8421052631578947, "recall": 0.64, "fpr": 0.12, "tpr": 0.64, "f1_score": 0.7272727272727272, "auc": 0.7767999999999999}