{"accuracy": 0.59, "mcc": 0.18090680674665816, "precision": 0.6, "recall": 0.54, "fpr": 0.36, "tpr": 0.54, "f1_score": 0.5684210526315789, "auc": 0.638}