{"accuracy": 0.6, "mcc": 0.28819520885211747, "precision": 0.8571428571428571, "recall": 0.24, "fpr": 0.04, "tpr": 0.24, "f1_score": 0.375, "auc": 0.7711999999999999}