{"accuracy": 0.62, "mcc": 0.345834250622541, "precision": 0.9285714285714286, "recall": 0.26, "fpr": 0.02, "tpr": 0.26, "f1_score": 0.40625, "auc": 0.7911999999999999}