{"accuracy": 0.54, "mcc": 0.10411584125907071, "precision": 0.6111111111111112, "recall": 0.22, "fpr": 0.14, "tpr": 0.22, "f1_score": 0.3235294117647059, "auc": 0.5855999999999999}