{"accuracy": 0.62, "mcc": 0.25, "precision": 0.6666666666666666, "recall": 0.48, "fpr": 0.24, "tpr": 0.48, "f1_score": 0.5581395348837209, "auc": 0.5863999999999999}