{"accuracy": 0.59, "mcc": 0.19140273452660103, "precision": 0.5671641791044776, "recall": 0.76, "fpr": 0.58, "tpr": 0.76, "f1_score": 0.6495726495726495, "auc": 0.6868}