{"accuracy": 0.42, "mcc": -0.16329931618554522, "precision": 0.43333333333333335, "recall": 0.52, "fpr": 0.68, "tpr": 0.52, "f1_score": 0.4727272727272728, "auc": 0.4316}