{"accuracy": 0.99, "mcc": 0.9801960588196069, "precision": 0.9803921568627451, "recall": 1.0, "fpr": 0.02, "tpr": 1.0, "f1_score": 0.99009900990099, "auc": 0.98}