{"accuracy": 0.55, "mcc": 0.17471413945365305, "precision": 0.7777777777777778, "recall": 0.14, "fpr": 0.04, "tpr": 0.14, "f1_score": 0.23728813559322035, "auc": 0.552}