{"accuracy": 0.57, "mcc": 0.24459979523511424, "precision": 0.8888888888888888, "recall": 0.16, "fpr": 0.02, "tpr": 0.16, "f1_score": 0.27118644067796616, "auc": 0.7011999999999998}