{"accuracy": 0.68, "mcc": 0.3611575592573076, "precision": 0.6666666666666666, "recall": 0.72, "fpr": 0.36, "tpr": 0.72, "f1_score": 0.6923076923076923, "auc": 0.7088}