{"accuracy": 0.7, "mcc": 0.4082482904638631, "precision": 0.6666666666666666, "recall": 0.8, "fpr": 0.4, "tpr": 0.8, "f1_score": 0.7272727272727272, "auc": 0.6991999999999999}