{"accuracy": 0.42, "mcc": -0.2182178902359924, "precision": 0.25, "recall": 0.08, "fpr": 0.24, "tpr": 0.08, "f1_score": 0.12121212121212122, "auc": 0.4904}