{"accuracy": 0.51, "mcc": 0.020036097492521526, "precision": 0.5106382978723404, "recall": 0.48, "fpr": 0.46, "tpr": 0.48, "f1_score": 0.49484536082474223, "auc": 0.516}