{"accuracy": 0.55, "mcc": 0.14867525836251314, "precision": 0.6923076923076923, "recall": 0.18, "fpr": 0.08, "tpr": 0.18, "f1_score": 0.28571428571428575, "auc": 0.45359999999999995}