{"accuracy": 0.64, "mcc": 0.3818813079129867, "precision": 0.9375, "recall": 0.3, "fpr": 0.02, "tpr": 0.3, "f1_score": 0.45454545454545453, "auc": 0.7976}