{"accuracy": 0.43, "mcc": -0.14070529413628968, "precision": 0.43636363636363634, "recall": 0.48, "fpr": 0.62, "tpr": 0.48, "f1_score": 0.4571428571428572, "auc": 0.378}