{"accuracy": 0.61, "mcc": 0.3515615246553262, "precision": 0.5617977528089888, "recall": 1.0, "fpr": 0.78, "tpr": 1.0, "f1_score": 0.7194244604316548, "auc": 0.9676}