{"accuracy": 0.55, "mcc": 0.12275715403505907, "precision": 0.5316455696202531, "recall": 0.84, "fpr": 0.74, "tpr": 0.84, "f1_score": 0.6511627906976744, "auc": 0.5219999999999999}