{"accuracy": 0.68, "mcc": 0.3646984043128985, "precision": 0.7142857142857143, "recall": 0.6, "fpr": 0.24, "tpr": 0.6, "f1_score": 0.6521739130434783, "auc": 0.6619999999999999}