{"accuracy": 0.59, "mcc": 0.20784609690826528, "precision": 0.68, "recall": 0.34, "fpr": 0.16, "tpr": 0.34, "f1_score": 0.4533333333333334, "auc": 0.5915999999999999}