{"accuracy": 0.7, "mcc": 0.46829290579084704, "precision": 0.9166666666666666, "recall": 0.44, "fpr": 0.04, "tpr": 0.44, "f1_score": 0.5945945945945945, "auc": 0.7964}