{"accuracy": 0.6, "mcc": 0.2182178902359924, "precision": 0.6666666666666666, "recall": 0.4, "fpr": 0.2, "tpr": 0.4, "f1_score": 0.5, "auc": 0.5391999999999999}