{"accuracy": 0.54, "mcc": 0.12309149097933274, "precision": 0.6666666666666666, "recall": 0.16, "fpr": 0.08, "tpr": 0.16, "f1_score": 0.25806451612903225, "auc": 0.5855999999999999}