{"accuracy": 0.54, "mcc": 0.14744195615489714, "precision": 0.75, "recall": 0.12, "fpr": 0.04, "tpr": 0.12, "f1_score": 0.20689655172413793, "auc": 0.7140000000000001}