{"accuracy": 0.57, "mcc": 0.14886879352068969, "precision": 0.6060606060606061, "recall": 0.4, "fpr": 0.26, "tpr": 0.4, "f1_score": 0.4819277108433735, "auc": 0.5956}