{"accuracy": 0.62, "mcc": 0.3692744729379982, "precision": 1.0, "recall": 0.24, "fpr": 0.0, "tpr": 0.24, "f1_score": 0.3870967741935484, "auc": 0.8171999999999999}