{"accuracy": 0.57, "mcc": 0.140028008402801, "precision": 0.5686274509803921, "recall": 0.58, "fpr": 0.44, "tpr": 0.58, "f1_score": 0.5742574257425743, "auc": 0.5524}