{"accuracy": 0.86, "mcc": 0.7205766921228921, "precision": 0.875, "recall": 0.84, "fpr": 0.12, "tpr": 0.84, "f1_score": 0.8571428571428572, "auc": 0.9027999999999999}