{"accuracy": 0.72, "mcc": 0.44141479464782035, "precision": 0.7037037037037037, "recall": 0.76, "fpr": 0.32, "tpr": 0.76, "f1_score": 0.7307692307692308, "auc": 0.7676}