{"accuracy": 0.68, "mcc": 0.4345240946267408, "precision": 0.9090909090909091, "recall": 0.4, "fpr": 0.04, "tpr": 0.4, "f1_score": 0.5555555555555556, "auc": 0.8583999999999999}