{"accuracy": 0.56, "mcc": 0.2526455763199557, "precision": 1.0, "recall": 0.12, "fpr": 0.0, "tpr": 0.12, "f1_score": 0.21428571428571425, "auc": 0.8124}