{"accuracy": 0.55, "mcc": 0.10002000600200071, "precision": 0.5510204081632653, "recall": 0.54, "fpr": 0.44, "tpr": 0.54, "f1_score": 0.5454545454545455, "auc": 0.5344}