{"accuracy": 0.53, "mcc": 0.10482848367219183, "precision": 0.6666666666666666, "recall": 0.12, "fpr": 0.06, "tpr": 0.12, "f1_score": 0.20338983050847456, "auc": 0.5439999999999999}