{"accuracy": 0.78, "mcc": 0.5673086289311755, "precision": 0.7413793103448276, "recall": 0.86, "fpr": 0.3, "tpr": 0.86, "f1_score": 0.7962962962962963, "auc": 0.8543999999999998}