{"accuracy": 0.6, "mcc": 0.20261022461827694, "precision": 0.6190476190476191, "recall": 0.52, "fpr": 0.32, "tpr": 0.52, "f1_score": 0.5652173913043478, "auc": 0.6684000000000001}