{"accuracy": 0.7, "mcc": 0.4828045495852676, "precision": 0.9545454545454546, "recall": 0.42, "fpr": 0.02, "tpr": 0.42, "f1_score": 0.5833333333333334, "auc": 0.8348}