{"accuracy": 0.65, "mcc": 0.32432906254830796, "precision": 0.6086956521739131, "recall": 0.84, "fpr": 0.54, "tpr": 0.84, "f1_score": 0.7058823529411766, "auc": 0.6891999999999999}