{"accuracy": 0.69, "mcc": 0.3863097476970662, "precision": 0.7317073170731707, "recall": 0.6, "fpr": 0.22, "tpr": 0.6, "f1_score": 0.6593406593406594, "auc": 0.7607999999999999}