{"accuracy": 0.64, "mcc": 0.2916666666666667, "precision": 0.609375, "recall": 0.78, "fpr": 0.5, "tpr": 0.78, "f1_score": 0.6842105263157895, "auc": 0.6819999999999999}