{"accuracy": 0.63, "mcc": 0.38655567174253413, "precision": 1.0, "recall": 0.26, "fpr": 0.0, "tpr": 0.26, "f1_score": 0.41269841269841273, "auc": 0.8251999999999999}