{"accuracy": 0.57, "mcc": 0.140028008402801, "precision": 0.5714285714285714, "recall": 0.56, "fpr": 0.42, "tpr": 0.56, "f1_score": 0.5656565656565656, "auc": 0.6135999999999998}