{"accuracy": 0.67, "mcc": 0.43334083064439444, "precision": 0.9473684210526315, "recall": 0.36, "fpr": 0.02, "tpr": 0.36, "f1_score": 0.5217391304347826, "auc": 0.8656}