{"accuracy": 0.63, "mcc": 0.2764706165384237, "precision": 0.5970149253731343, "recall": 0.8, "fpr": 0.54, "tpr": 0.8, "f1_score": 0.6837606837606838, "auc": 0.7372}