{"accuracy": 0.55, "mcc": 0.10356162766686668, "precision": 0.5675675675675675, "recall": 0.42, "fpr": 0.32, "tpr": 0.42, "f1_score": 0.4827586206896552, "auc": 0.5236000000000001}