{"accuracy": 0.57, "mcc": 0.19603921176392136, "precision": 0.7333333333333333, "recall": 0.22, "fpr": 0.08, "tpr": 0.22, "f1_score": 0.3384615384615385, "auc": 0.6764}