{"accuracy": 0.65, "mcc": 0.42008402520840293, "precision": 1.0, "recall": 0.3, "fpr": 0.0, "tpr": 0.3, "f1_score": 0.4615384615384615, "auc": 0.8947999999999998}