{"accuracy": 0.71, "mcc": 0.42697393166517844, "precision": 0.7560975609756098, "recall": 0.62, "fpr": 0.2, "tpr": 0.62, "f1_score": 0.6813186813186813, "auc": 0.7527999999999999}