{"accuracy": 0.61, "mcc": 0.3270855683975289, "precision": 0.9230769230769231, "recall": 0.24, "fpr": 0.02, "tpr": 0.24, "f1_score": 0.38095238095238093, "auc": 0.7724}