{"accuracy": 0.57, "mcc": 0.14139250356818595, "precision": 0.5813953488372093, "recall": 0.5, "fpr": 0.36, "tpr": 0.5, "f1_score": 0.5376344086021505, "auc": 0.5499999999999999}