{"accuracy": 0.7, "mcc": 0.4003203845127178, "precision": 0.6923076923076923, "recall": 0.72, "fpr": 0.32, "tpr": 0.72, "f1_score": 0.7058823529411765, "auc": 0.744}