{"accuracy": 0.64, "mcc": 0.28577380332470415, "precision": 0.675, "recall": 0.54, "fpr": 0.26, "tpr": 0.54, "f1_score": 0.6000000000000001, "auc": 0.6016}