{"accuracy": 0.61, "mcc": 0.23062266407882204, "precision": 0.6571428571428571, "recall": 0.46, "fpr": 0.24, "tpr": 0.46, "f1_score": 0.5411764705882354, "auc": 0.6484}