{"accuracy": 0.61, "mcc": 0.22218821989286364, "precision": 0.5964912280701754, "recall": 0.68, "fpr": 0.46, "tpr": 0.68, "f1_score": 0.6355140186915889, "auc": 0.6692}