{"accuracy": 0.51, "mcc": 0.03919309008348103, "precision": 0.5714285714285714, "recall": 0.08, "fpr": 0.06, "tpr": 0.08, "f1_score": 0.14035087719298248, "auc": 0.6908}