{"accuracy": 0.67, "mcc": 0.345645563728954, "precision": 0.7073170731707317, "recall": 0.58, "fpr": 0.24, "tpr": 0.58, "f1_score": 0.6373626373626374, "auc": 0.7300000000000001}