{"accuracy": 0.55, "mcc": 0.12745318548364543, "precision": 0.631578947368421, "recall": 0.24, "fpr": 0.14, "tpr": 0.24, "f1_score": 0.34782608695652173, "auc": 0.5608}