{"accuracy": 0.6, "mcc": 0.3333333333333333, "precision": 1.0, "recall": 0.2, "fpr": 0.0, "tpr": 0.2, "f1_score": 0.33333333333333337, "auc": 0.7308}