{"accuracy": 0.63, "mcc": 0.3640728218472825, "precision": 0.9333333333333333, "recall": 0.28, "fpr": 0.02, "tpr": 0.28, "f1_score": 0.4307692307692308, "auc": 0.7499999999999999}