{"accuracy": 0.74, "mcc": 0.4944513860581975, "precision": 0.6935483870967742, "recall": 0.86, "fpr": 0.38, "tpr": 0.86, "f1_score": 0.7678571428571428, "auc": 0.8128}