{"accuracy": 0.44, "mcc": -0.12087344460380704, "precision": 0.44642857142857145, "recall": 0.5, "fpr": 0.62, "tpr": 0.5, "f1_score": 0.47169811320754723, "auc": 0.5027999999999999}