{"accuracy": 0.53, "mcc": 0.17586311452816475, "precision": 1.0, "recall": 0.06, "fpr": 0.0, "tpr": 0.06, "f1_score": 0.11320754716981131, "auc": 0.7032}