{"accuracy": 0.63, "mcc": 0.2725540575476988, "precision": 0.6, "recall": 0.78, "fpr": 0.52, "tpr": 0.78, "f1_score": 0.6782608695652174, "auc": 0.6579999999999999}