{"accuracy": 0.46, "mcc": -0.0936585811581694, "precision": 0.4166666666666667, "recall": 0.2, "fpr": 0.28, "tpr": 0.2, "f1_score": 0.2702702702702703, "auc": 0.5336}