{"accuracy": 0.57, "mcc": 0.18635220382275072, "precision": 0.7058823529411765, "recall": 0.24, "fpr": 0.1, "tpr": 0.24, "f1_score": 0.3582089552238806, "auc": 0.6532}