{"accuracy": 0.53, "mcc": 0.063800911508867, "precision": 0.5223880597014925, "recall": 0.7, "fpr": 0.64, "tpr": 0.7, "f1_score": 0.5982905982905983, "auc": 0.5444}