{"accuracy": 0.72, "mcc": 0.5151221963699317, "precision": 0.9583333333333334, "recall": 0.46, "fpr": 0.02, "tpr": 0.46, "f1_score": 0.6216216216216216, "auc": 0.8428}