{"accuracy": 0.61, "mcc": 0.3515615246553262, "precision": 1.0, "recall": 0.22, "fpr": 0.0, "tpr": 0.22, "f1_score": 0.36065573770491804, "auc": 0.8200000000000001}