{"accuracy": 0.49, "mcc": -0.022524579279982866, "precision": 0.48148148148148145, "recall": 0.26, "fpr": 0.28, "tpr": 0.26, "f1_score": 0.33766233766233766, "auc": 0.45320000000000005}