{"accuracy": 0.53, "mcc": 0.08920515501750788, "precision": 0.6153846153846154, "recall": 0.16, "fpr": 0.1, "tpr": 0.16, "f1_score": 0.253968253968254, "auc": 0.5924}