{"accuracy": 0.57, "mcc": 0.15767205495988004, "precision": 0.547945205479452, "recall": 0.8, "fpr": 0.66, "tpr": 0.8, "f1_score": 0.6504065040650406, "auc": 0.5568}