{"accuracy": 0.79, "mcc": 0.582921932850343, "precision": 0.8222222222222222, "recall": 0.74, "fpr": 0.16, "tpr": 0.74, "f1_score": 0.7789473684210526, "auc": 0.8763999999999998}