{"accuracy": 0.56, "mcc": 0.1636634176769943, "precision": 0.6875, "recall": 0.22, "fpr": 0.1, "tpr": 0.22, "f1_score": 0.3333333333333333, "auc": 0.4935999999999999}