{"accuracy": 0.56, "mcc": 0.12862393885688164, "precision": 0.5441176470588235, "recall": 0.74, "fpr": 0.62, "tpr": 0.74, "f1_score": 0.6271186440677965, "auc": 0.5772}