{"accuracy": 0.73, "mcc": 0.5465357250000211, "precision": 1.0, "recall": 0.46, "fpr": 0.0, "tpr": 0.46, "f1_score": 0.6301369863013699, "auc": 0.8475999999999999}