{"accuracy": 0.55, "mcc": 0.22941573387056174, "precision": 1.0, "recall": 0.1, "fpr": 0.0, "tpr": 0.1, "f1_score": 0.18181818181818182, "auc": 0.6307999999999999}