{"accuracy": 0.59, "mcc": 0.26761546505252365, "precision": 0.8461538461538461, "recall": 0.22, "fpr": 0.04, "tpr": 0.22, "f1_score": 0.3492063492063492, "auc": 0.7384000000000001}