{"accuracy": 0.74, "mcc": 0.5619514869490164, "precision": 1.0, "recall": 0.48, "fpr": 0.0, "tpr": 0.48, "f1_score": 0.6486486486486487, "auc": 0.8628}